participant_id,gender,ethnicity,country,age,evaluations_poop,evaluations_chocolate,evaluations_poop_pos_neg,evaluations_poop_pleasant_unpleasant,evaluations_poop_good_bad,evaluations_chocolate_pos_neg,evaluations_chocolate_pleasant_unpleasant,evaluations_chocolate_good_bad
088cf,male,White,United Kingdom,55,4,6,4,4,4,6,6,6
bcae1,male,White,United Kingdom,54,2.3333333333333335,7,2,2,3,7,7,7
d21b0,female,White,United Kingdom,57,1,7,1,1,1,7,7,7
2019a,female,White,United Kingdom,29,1,7,1,1,1,7,7,7
c1b73,male,White,United Kingdom,36,3,7,4,1,4,7,7,7
e8e9d,male,White,United States,37,2,7,2,2,2,7,7,7
0b3c5,female,White,United Kingdom,59,1,7,1,1,1,7,7,7
af70a,female,White,United Kingdom,48,2,7,1,1,4,7,7,7
0665d,female,White,United Kingdom,38,1,6.333333333333333,1,1,1,6,7,6
7a19d,female,White,United Kingdom,64,4,5,4,4,4,5,5,5
9a843,female,White,United Kingdom,59,2.6666666666666665,6,2,2,4,6,6,6
c9126,female,White,United Kingdom,56,2.3333333333333335,6,2,2,3,6,6,6
f7e6a,female,Mixed,United Kingdom,34,2,7,1,1,4,7,7,7
94368,female,White,United Kingdom,61,1,7,1,1,1,7,7,7
7690c,female,White,United Kingdom,70,2,4.666666666666667,1,1,4,5,5,4
d641f,female,White,United Kingdom,71,1,6.333333333333333,1,1,1,6,7,6
c7408,female,White,United Kingdom,44,1.6666666666666667,6.333333333333333,2,1,2,6,7,6
af769,male,White,United Kingdom,50,3,6.333333333333333,4,1,4,6,7,6
5ed16,male,White,United Kingdom,27,1,7,1,1,1,7,7,7
56353,female,White,United Kingdom,46,1.3333333333333333,6,1,1,2,6,6,6
770a3,male,White,United Kingdom,62,1,5,1,1,1,5,7,3
35d08,male,White,United Kingdom,66,3.6666666666666665,5.333333333333333,4,3,4,6,6,4
0730e,female,White,United Kingdom,59,2.3333333333333335,7,1,1,5,7,7,7
933f7,female,White,United Kingdom,60,1.3333333333333333,6.333333333333333,1,1,2,6,7,6
b7c29,male,White,United Kingdom,69,1.3333333333333333,6.666666666666667,1,1,2,6,7,7
743fd,female,White,United Kingdom,63,1,6,1,1,1,6,6,6
d4969,male,White,United Kingdom,39,1,7,1,1,1,7,7,7
7f813,male,White,United States,69,1,6.333333333333333,1,1,1,6,6,7
13c37,female,White,United Kingdom,61,2.6666666666666665,6.666666666666667,2,2,4,7,7,6
4d4b5,male,White,United Kingdom,43,3,6.666666666666667,4,1,4,6,7,7
ae0dd,female,White,United Kingdom,57,1,7,1,1,1,7,7,7
435b1,female,White,United Kingdom,42,1.6666666666666667,7,2,1,2,7,7,7
c8695,male,White,United Kingdom,60,1,7,1,1,1,7,7,7
4c038,male,White,United Kingdom,29,1.3333333333333333,7,1,1,2,7,7,7
066fe,female,White,United States,42,1.6666666666666667,5.666666666666667,1,1,3,6,5,6
6d375,male,White,United Kingdom,41,1,6,1,1,1,6,6,6
ddb1b,male,White,United Kingdom,61,1,6.666666666666667,1,1,1,6,7,7
7c5c1,female,White,United Kingdom,43,1.6666666666666667,6,2,1,2,6,6,6
b573f,male,White,United Kingdom,49,1,7,1,1,1,7,7,7
a0f2a,female,White,United Kingdom,45,3.3333333333333335,6,4,2,4,6,6,6
a40eb,female,White,United Kingdom,66,1.6666666666666667,6.333333333333333,2,1,2,6,7,6
54712,male,White,United Kingdom,38,1,5.666666666666667,1,1,1,6,6,5
16892,female,White,United Kingdom,62,3.3333333333333335,5,4,3,3,5,5,5
4e8f7,female,White,United Kingdom,74,2.6666666666666665,6.666666666666667,2,2,4,6,7,7
cb060,male,White,United Kingdom,33,2.3333333333333335,6.333333333333333,2,1,4,7,6,6
0fdf1,male,Mixed,United Kingdom,44,1.3333333333333333,7,1,1,2,7,7,7
c2e13,female,White,United Kingdom,44,1,7,1,1,1,7,7,7
26e4c,female,White,United Kingdom,40,1,7,1,1,1,7,7,7
7e63b,female,White,United Kingdom,60,2.6666666666666665,7,2,2,4,7,7,7
c866a,male,White,United Kingdom,34,2.6666666666666665,7,2,2,4,7,7,7
46090,male,White,United Kingdom,47,1,6,1,1,1,6,6,6
531bb,female,White,United Kingdom,64,2.6666666666666665,6,3,2,3,6,6,6
3743c,male,White,United Kingdom,30,2,5.666666666666667,1,1,4,6,5,6
f0fa1,female,White,United Kingdom,51,1.6666666666666667,5.666666666666667,2,1,2,6,5,6
e6734,female,White,United Kingdom,32,2.6666666666666665,6.333333333333333,3,1,4,6,7,6
038a6,male,Asian,United Kingdom,48,2,6.666666666666667,1,1,4,7,7,6
3935d,female,White,United Kingdom,47,1.3333333333333333,6,1,1,2,6,6,6
48fe8,female,White,United Kingdom,39,1,7,1,1,1,7,7,7
5a100,male,White,United Kingdom,58,1,6.666666666666667,1,1,1,6,7,7
d3cd5,male,White,United Kingdom,44,1,7,1,1,1,7,7,7
3576f,female,White,United Kingdom,41,1,7,1,1,1,7,7,7
8253d,female,White,United Kingdom,42,1.3333333333333333,3,1,1,2,3,3,3
65ff5,male,White,United Kingdom,54,1.6666666666666667,6.333333333333333,2,1,2,6,7,6
1ea7a,male,White,United Kingdom,31,7,7,7,7,7,7,7,7
04aa5,female,White,United Kingdom,57,2.3333333333333335,6.333333333333333,2,2,3,6,6,7
5009d,male,White,United Kingdom,58,1.3333333333333333,6.333333333333333,1,1,2,6,7,6
18738,female,White,United Kingdom,60,1.6666666666666667,7,1,2,2,7,7,7
06bb6,female,White,United Kingdom,44,1,7,1,1,1,7,7,7
645f1,male,White,United Kingdom,26,1,7,1,1,1,7,7,7
7cf73,male,White,United Kingdom,68,2.6666666666666665,7,4,2,2,7,7,7
32f19,male,White,United Kingdom,26,1,7,1,1,1,7,7,7
b9524,female,White,United Kingdom,47,1.3333333333333333,7,1,1,2,7,7,7
c0cb2,male,White,United States,31,1.3333333333333333,7,1,1,2,7,7,7
16e44,female,White,United Kingdom,53,2,7,2,2,2,7,7,7
68260,female,White,United Kingdom,38,2.3333333333333335,5.333333333333333,2,2,3,5,5,6
c7396,female,White,United Kingdom,31,4,6,4,4,4,6,6,6
f84c4,female,White,United Kingdom,53,2.3333333333333335,6.333333333333333,2,2,3,6,7,6
5876f,male,White,United Kingdom,54,2.6666666666666665,6,2,2,4,6,6,6
8b4a9,male,White,United Kingdom,69,1,7,1,1,1,7,7,7
31061,female,White,United Kingdom,44,1,6,1,1,1,6,6,6
0f596,female,White,United Kingdom,41,1.3333333333333333,7,1,1,2,7,7,7
7653f,female,Mixed,United Kingdom,37,2,6.666666666666667,2,1,3,6,7,7
fc91c,male,White,United Kingdom,60,3.6666666666666665,4.666666666666667,3,4,4,5,6,3
f3aad,female,White,United Kingdom,30,2,7,2,1,3,7,7,7
6b2eb,male,White,United Kingdom,63,1,7,1,1,1,7,7,7
a3b0b,male,Asian,United Kingdom,34,1,6.333333333333333,1,1,1,6,6,7
a35d5,male,White,United Kingdom,31,1.6666666666666667,6.666666666666667,2,1,2,7,6,7
735d5,female,White,United Kingdom,50,3.3333333333333335,7,4,2,4,7,7,7
aeb75,female,White,United Kingdom,44,1.3333333333333333,7,1,1,2,7,7,7
0c17b,male,White,United Kingdom,54,1.6666666666666667,7,1,1,3,7,7,7
08a8f,female,White,United Kingdom,24,1,7,1,1,1,7,7,7
58204,female,White,United Kingdom,32,1,6.666666666666667,1,1,1,6,7,7
a536b,female,White,United Kingdom,39,1,6.666666666666667,1,1,1,7,6,7
fb8fc,male,White,United States,57,2.3333333333333335,7,2,1,4,7,7,7
74e27,female,Black,United States,47,1.3333333333333333,6.666666666666667,1,1,2,7,6,7
96497,male,White,United Kingdom,48,3,6.333333333333333,4,1,4,6,7,6
32ba4,male,White,United Kingdom,60,2,5.666666666666667,1,1,4,6,6,5
b5002,male,White,United Kingdom,44,2,5.666666666666667,2,1,3,5,6,6
421d1,male,White,United Kingdom,64,1,7,1,1,1,7,7,7
77f01,male,White,United Kingdom,44,1,7,1,1,1,7,7,7
38407,female,White,United Kingdom,37,2,6.333333333333333,1,1,4,7,7,5
ac8cd,female,White,United Kingdom,39,1,6.666666666666667,1,1,1,6,7,7
b0a63,female,White,United Kingdom,43,1,7,1,1,1,7,7,7
3b894,female,White,United Kingdom,31,1.3333333333333333,7,1,1,2,7,7,7
0d538,female,White,United Kingdom,70,1,7,1,1,1,7,7,7
313c2,female,White,United Kingdom,48,1,7,1,1,1,7,7,7
b4d5a,male,White,United States,37,4,4,4,4,4,4,4,4
0b923,female,White,United Kingdom,30,3,6,4,1,4,6,7,5
2dccc,female,White,United Kingdom,30,1.3333333333333333,7,1,1,2,7,7,7
1c9d1,female,White,United Kingdom,49,2,7,1,1,4,7,7,7
9ad2f,male,White,United Kingdom,35,1,6,1,1,1,6,6,6
1d308,male,White,United Kingdom,54,1,7,1,1,1,7,7,7
fd55a,female,White,United States,42,1,7,1,1,1,7,7,7
d6be5,male,White,United States,60,1.6666666666666667,7,2,1,2,7,7,7
5cc2a,female,White,United Kingdom,59,4,6,4,4,4,6,6,6
c390e,female,White,United Kingdom,63,1,7,1,1,1,7,7,7
da775,female,White,United Kingdom,66,1.3333333333333333,7,1,1,2,7,7,7
e5a57,female,White,United Kingdom,28,1,7,1,1,1,7,7,7
219a4,female,White,United Kingdom,42,3,7,3,3,3,7,7,7
db09a,male,White,United Kingdom,62,2,5.666666666666667,3,1,2,6,6,5
724af,male,Black,United Kingdom,49,1,7,1,1,1,7,7,7
ca9cb,female,White,United States,60,1.6666666666666667,6.666666666666667,2,1,2,7,7,6
54d4b,female,White,United Kingdom,44,2.3333333333333335,6.666666666666667,4,1,2,6,7,7
666b8,female,White,United Kingdom,37,1,7,1,1,1,7,7,7
7913c,female,White,United Kingdom,24,2.3333333333333335,6.333333333333333,4,1,2,6,7,6
53544,male,White,United Kingdom,28,1,6.333333333333333,1,1,1,6,7,6
a8efb,female,White,United States,64,1,7,1,1,1,7,7,7
b3da4,male,White,United Kingdom,31,1.3333333333333333,6.666666666666667,2,1,1,7,7,6
b153e,female,White,United Kingdom,59,2.3333333333333335,7,2,2,3,7,7,7
ad1bc,male,White,United States,74,2,7,1,1,4,7,7,7
643fa,male,White,United Kingdom,64,2.3333333333333335,5.666666666666667,1,2,4,6,6,5
e7903,female,White,United Kingdom,32,1,7,1,1,1,7,7,7
7188f,male,White,United Kingdom,68,1,7,1,1,1,7,7,7
7a464,female,White,United Kingdom,24,1,4,1,1,1,5,4,3
ab22a,female,White,United Kingdom,54,1,7,1,1,1,7,7,7
7c5df,female,White,United Kingdom,62,1,7,1,1,1,7,7,7
caaeb,male,White,United Kingdom,67,1,6.333333333333333,1,1,1,6,7,6
8f46d,female,White,United Kingdom,41,1,6.333333333333333,1,1,1,6,7,6
db35b,female,Mixed,United Kingdom,31,3.6666666666666665,5,4,3,4,5,6,4
70b76,male,White,United Kingdom,36,1,6.333333333333333,1,1,1,6,7,6
66cb1,female,White,United Kingdom,51,2.3333333333333335,6,3,2,2,6,6,6
31556,male,White,United Kingdom,40,4,6.333333333333333,4,4,4,6,7,6
44498,male,White,United Kingdom,34,1,5,1,1,1,5,5,5
9071b,male,White,United Kingdom,66,2,7,3,1,2,7,7,7
766d0,female,Other,United Kingdom,29,2.3333333333333335,7,2,2,3,7,7,7
d703c,female,White,United Kingdom,40,3,7,4,1,4,7,7,7
bfef5,male,White,United States,36,3,7,4,1,4,7,7,7
69e35,male,White,United Kingdom,52,1.3333333333333333,6.666666666666667,1,1,2,6,7,7
e42ee,female,White,United Kingdom,52,2.3333333333333335,5.666666666666667,2,2,3,6,6,5
b1b93,female,White,United Kingdom,61,1.3333333333333333,6,1,1,2,6,6,6
f6350,female,White,United Kingdom,56,2.6666666666666665,6,2,2,4,6,6,6
15ec6,female,White,United Kingdom,39,3.3333333333333335,7,4,3,3,7,7,7
49d49,female,Black,United States,57,4,7,4,4,4,7,7,7
b56de,male,White,United Kingdom,37,2.3333333333333335,7,2,1,4,7,7,7
6fe9f,female,White,United Kingdom,34,1,6,1,1,1,6,6,6
4b832,male,White,United Kingdom,42,1.6666666666666667,6.333333333333333,1,1,3,7,6,6
4add9,female,White,United Kingdom,78,2.6666666666666665,7,2,2,4,7,7,7
8be71,male,Mixed,United Kingdom,36,2.3333333333333335,5.666666666666667,2,1,4,5,6,6
d658c,female,White,United Kingdom,30,3.3333333333333335,6,4,2,4,6,7,5
afc30,female,White,United Kingdom,64,1,7,1,1,1,7,7,7
56430,female,White,United Kingdom,42,1.6666666666666667,6.333333333333333,1,2,2,6,7,6
63105,female,White,United Kingdom,43,2.6666666666666665,7,3,2,3,7,7,7
6d6c5,female,White,United Kingdom,66,2,6,1,1,4,7,6,5
98bd6,female,White,United Kingdom,32,3.3333333333333335,5.333333333333333,4,2,4,5,6,5
b67c9,female,White,United Kingdom,48,1.6666666666666667,6.333333333333333,2,1,2,6,7,6
787ac,male,White,United Kingdom,46,1.6666666666666667,5,2,1,2,5,5,5
0669e,male,White,United Kingdom,79,1.6666666666666667,5.666666666666667,1,1,3,5,6,6
1ee4f,female,White,United Kingdom,38,1,7,1,1,1,7,7,7
dd45b,male,White,United Kingdom,57,3,4.333333333333333,2,3,4,5,5,3
c9a08,female,White,United Kingdom,32,1,7,1,1,1,7,7,7
7f9f1,female,White,United Kingdom,37,1,6.333333333333333,1,1,1,6,7,6
fa95f,male,White,United Kingdom,62,3,6,3,3,3,6,6,6
0fbbe,female,White,United Kingdom,38,2.3333333333333335,6.666666666666667,2,1,4,7,7,6
39308,female,White,United Kingdom,51,2,4.333333333333333,2,2,2,5,4,4
80994,non-binary,White,United Kingdom,29,2.6666666666666665,7,3,2,3,7,7,7
81c76,female,White,United Kingdom,61,1,6,1,1,1,6,6,6
61d1c,female,White,United Kingdom,60,4,7,4,4,4,7,7,7
f82e1,female,White,United Kingdom,57,1,3,1,1,1,3,4,2
a73c5,male,White,United Kingdom,41,2.6666666666666665,5.666666666666667,3,1,4,5,7,5
04bc8,male,White,United Kingdom,44,2,7,1,1,4,7,7,7
04843,male,White,United Kingdom,50,2.3333333333333335,6.333333333333333,2,1,4,6,7,6
7c270,female,White,United Kingdom,47,1,5.666666666666667,1,1,1,6,7,4
3bc42,male,White,United Kingdom,44,1,5,1,1,1,5,5,5
5e3ad,female,White,United Kingdom,40,1,7,1,1,1,7,7,7
fcabd,male,White,United Kingdom,65,3,6.666666666666667,4,1,4,7,7,6
9bf3e,male,White,United Kingdom,61,2,6,1,1,4,6,6,6
2e65b,female,White,United Kingdom,57,1,6,1,1,1,6,6,6
9e8e6,male,White,United Kingdom,79,1,7,1,1,1,7,7,7
4e0c0,female,White,United Kingdom,29,1,7,1,1,1,7,7,7
64947,female,White,United Kingdom,33,1.3333333333333333,7,1,1,2,7,7,7
e0262,male,White,United Kingdom,39,1.3333333333333333,6.333333333333333,1,1,2,6,7,6
ecc93,male,White,United Kingdom,66,3,6.666666666666667,3,2,4,6,7,7
d94f1,female,White,United Kingdom,64,1,7,1,1,1,7,7,7
b0d97,male,White,United Kingdom,33,1,6.333333333333333,1,1,1,7,6,6
e3b9f,female,White,United Kingdom,54,1,5.333333333333333,1,1,1,6,6,4
ccb90,male,White,United Kingdom,23,2.3333333333333335,5,3,1,3,5,5,5
9790d,female,White,United Kingdom,43,2,6.333333333333333,1,1,4,6,7,6
53225,female,White,United Kingdom,27,1.3333333333333333,7,1,1,2,7,7,7
d0eaf,female,White,United Kingdom,48,1.3333333333333333,7,1,1,2,7,7,7
d9a30,female,White,United Kingdom,32,1,7,1,1,1,7,7,7
f6136,female,White,United Kingdom,29,1,5,1,1,1,5,5,5
3d7fb,male,White,United Kingdom,59,1.3333333333333333,6.333333333333333,1,1,2,7,6,6
86621,female,White,United Kingdom,42,1,6.333333333333333,1,1,1,6,6,7
fbae8,female,White,United Kingdom,26,1,7,1,1,1,7,7,7
958f5,female,White,United Kingdom,23,3,6.666666666666667,4,1,4,6,7,7
334ba,female,White,United Kingdom,35,2.6666666666666665,5.666666666666667,2,2,4,6,7,4
46ba3,male,White,United Kingdom,63,4,4,4,4,4,4,4,4
8e155,female,White,United Kingdom,42,1,7,1,1,1,7,7,7
ab378,male,White,United Kingdom,54,2.3333333333333335,7,3,1,3,7,7,7
8c3be,male,White,United States,47,1,7,1,1,1,7,7,7
8a4d7,male,White,United States,36,1,7,1,1,1,7,7,7
8ca46,male,White,United States,27,1,7,1,1,1,7,7,7
56b79,female,White,United Kingdom,33,2,6.666666666666667,3,1,2,6,7,7
accb4,male,White,United Kingdom,53,1.3333333333333333,7,1,1,2,7,7,7
82b82,male,White,United Kingdom,68,1.3333333333333333,6.666666666666667,1,1,2,7,7,6
02534,female,White,United Kingdom,33,1,7,1,1,1,7,7,7
22fcb,female,White,United Kingdom,42,2.3333333333333335,7,2,1,4,7,7,7
9a0c6,male,White,United Kingdom,39,1.3333333333333333,6.666666666666667,1,1,2,7,7,6
77959,female,White,United Kingdom,60,2.3333333333333335,3.3333333333333335,1,2,4,3,3,4
8b11b,male,White,United States,42,2,6.333333333333333,2,2,2,6,6,7
42a32,male,White,United Kingdom,60,1,6,1,1,1,6,6,6
80a65,male,White,United Kingdom,66,1,5.333333333333333,1,1,1,5,6,5
ad9af,male,White,United Kingdom,25,1,5,1,1,1,5,5,5
29c1a,female,White,United Kingdom,44,1,7,1,1,1,7,7,7
559a2,female,White,United Kingdom,35,1,6.333333333333333,1,1,1,6,7,6
cbaf7,male,White,United Kingdom,27,2,7,1,1,4,7,7,7
3b2a7,male,White,United Kingdom,31,3,7,3,2,4,7,7,7
75ea3,male,White,United Kingdom,54,1.6666666666666667,7,2,1,2,7,7,7
a4a01,male,White,United Kingdom,67,1,7,1,1,1,7,7,7
c7046,male,White,United Kingdom,57,1.3333333333333333,6.333333333333333,1,1,2,6,7,6
c5043,female,White,United Kingdom,55,2,5.333333333333333,1,1,4,6,6,4
32c89,male,Asian,United Kingdom,53,1,6.666666666666667,1,1,1,6,7,7
4ee88,female,White,United States,71,1,7,1,1,1,7,7,7
21732,female,White,United Kingdom,38,1,7,1,1,1,7,7,7
69c46,female,Mixed,United States,33,2,6,1,1,4,6,6,6
f92e1,male,White,United Kingdom,55,1,6.666666666666667,1,1,1,7,6,7
02de0,female,White,United Kingdom,37,1,7,1,1,1,7,7,7
24647,male,White,United States,30,1,6,1,1,1,6,6,6
79f3f,male,White,United Kingdom,36,4,6,4,4,4,6,6,6
a4530,male,White,United Kingdom,58,1.3333333333333333,6.333333333333333,1,1,2,6,7,6
f8c5f,male,White,United States,25,1,7,1,1,1,7,7,7
ce299,male,White,United States,40,3,7,3,2,4,7,7,7
0ed74,female,White,United Kingdom,35,1,6.666666666666667,1,1,1,6,7,7
6cfe7,male,White,United Kingdom,64,1.3333333333333333,6.333333333333333,1,1,2,6,7,6
2a340,male,White,United Kingdom,33,3,7,4,1,4,7,7,7
347d9,female,White,United States,42,1,7,1,1,1,7,7,7
a9fd1,female,White,United Kingdom,31,1.6666666666666667,7,1,1,3,7,7,7
ab6fd,male,Asian,United States,25,1,7,1,1,1,7,7,7
fcddd,male,White,United Kingdom,31,2.3333333333333335,7,2,1,4,7,7,7
b5f46,male,White,United Kingdom,56,2,6,2,2,2,6,6,6
db609,female,White,United States,46,1,6,1,1,1,6,6,6
fdbe4,male,White,United Kingdom,64,3.3333333333333335,5.333333333333333,3,3,4,5,6,5
0a0ef,female,White,United Kingdom,56,1,7,1,1,1,7,7,7
56293,female,White,United Kingdom,40,1,7,1,1,1,7,7,7
5c3f7,female,White,United States,34,1,6,1,1,1,6,6,6
0b88b,male,White,United Kingdom,39,1,5,1,1,1,6,5,4
cf3db,female,White,United Kingdom,66,2.6666666666666665,6,2,2,4,6,6,6
be474,male,White,United Kingdom,61,1,5.666666666666667,1,1,1,7,7,3
dd602,female,White,United Kingdom,34,3,7,4,1,4,7,7,7
a34cd,female,Asian,United Kingdom,33,1,7,1,1,1,7,7,7
b2704,female,White,United Kingdom,71,2.3333333333333335,7,2,1,4,7,7,7
c382d,male,Other,United States,53,1,7,1,1,1,7,7,7
07074,female,White,United Kingdom,22,1,7,1,1,1,7,7,7
be615,female,Mixed,United Kingdom,29,1.6666666666666667,7,2,2,1,7,7,7
9a06c,male,White,United Kingdom,39,1.6666666666666667,6.666666666666667,1,1,3,7,7,6
5b102,male,White,United Kingdom,34,1,6,1,1,1,6,6,6
8b001,female,White,United Kingdom,41,1,7,1,1,1,7,7,7
b2ba5,male,White,United Kingdom,30,2,6.333333333333333,1,1,4,6,7,6
20f17,female,White,United Kingdom,57,1,7,1,1,1,7,7,7
c47c5,female,White,United Kingdom,45,1,7,1,1,1,7,7,7
fe59a,male,White,United Kingdom,66,1.6666666666666667,6.333333333333333,1,1,3,7,7,5
36e65,female,White,United Kingdom,48,2,7,1,1,4,7,7,7
75b97,male,White,United Kingdom,52,1.3333333333333333,6.666666666666667,1,1,2,7,7,6
41be8,female,White,United Kingdom,56,1,7,1,1,1,7,7,7
6ebc0,male,White,United States,50,1,6.666666666666667,1,1,1,6,7,7
11a54,male,White,United Kingdom,53,1,7,1,1,1,7,7,7
ebdbb,female,White,United States,54,2,6,1,1,4,6,6,6
09d05,male,White,United Kingdom,45,3,6,3,3,3,6,6,6
a8e48,male,White,United Kingdom,36,1,6.333333333333333,1,1,1,6,7,6
a8c02,male,White,United Kingdom,48,1.3333333333333333,6,1,1,2,6,6,6
ec85f,female,White,United Kingdom,33,2,5.666666666666667,1,1,4,5,6,6
8c1b2,male,White,United Kingdom,33,2,7,1,1,4,7,7,7
073fd,female,White,United Kingdom,61,2.6666666666666665,7,2,2,4,7,7,7
0adc9,male,White,United Kingdom,42,2,5,1,1,4,5,5,5
95ef5,male,Asian,United Kingdom,36,1,7,1,1,1,7,7,7
ec227,male,White,United Kingdom,44,2,6,1,1,4,6,6,6
8bbf7,male,White,United Kingdom,53,1.3333333333333333,7,1,1,2,7,7,7
f7c3c,female,White,United Kingdom,27,3,7,1,1,7,7,7,7
cb34c,male,White,United Kingdom,43,2.6666666666666665,5.666666666666667,3,1,4,6,6,5
b335e,male,White,United Kingdom,38,1,6,1,1,1,6,6,6
30252,male,White,United States,67,1,6,1,1,1,6,6,6
be46d,male,White,United Kingdom,35,1,6,1,1,1,6,6,6
c9e05,female,White,United Kingdom,54,1.6666666666666667,7,2,1,2,7,7,7
7e0ca,male,White,United Kingdom,39,2.3333333333333335,6.333333333333333,2,1,4,6,7,6
98f07,female,White,United Kingdom,41,1,6,1,1,1,5,6,7
6b859,male,White,United States,28,1,7,1,1,1,7,7,7
3ec04,female,White,United Kingdom,47,1,7,1,1,1,7,7,7
d8848,female,Asian,United Kingdom,37,3.6666666666666665,6,4,3,4,6,6,6
cc2eb,male,White,United Kingdom,34,3,6,4,1,4,4,7,7
afeda,male,White,United Kingdom,54,1.3333333333333333,7,1,1,2,7,7,7
067c6,male,White,United Kingdom,55,1,7,1,1,1,7,7,7
8b77d,male,White,United Kingdom,52,1,6.333333333333333,1,1,1,6,7,6
69b1d,male,White,United Kingdom,54,2.6666666666666665,6.333333333333333,3,2,3,6,7,6
6c0d6,male,White,United Kingdom,62,3,4.666666666666667,4,1,4,4,6,4
0bd1e,female,White,United States,41,2,6,1,3,2,6,6,6
be698,female,White,United Kingdom,22,1,6.666666666666667,1,1,1,6,7,7
ac910,female,White,United Kingdom,65,1,7,1,1,1,7,7,7
ffb4a,male,Asian,United Kingdom,45,1,3,1,1,1,3,3,3
e3e41,male,White,United States,34,1,7,1,1,1,7,7,7
dfd57,male,White,United Kingdom,37,1.3333333333333333,6,1,1,2,6,6,6
82d5d,male,White,United Kingdom,51,3,4.333333333333333,3,2,4,4,5,4
0da81,female,White,United Kingdom,46,2,7,1,1,4,7,7,7
c2a8b,male,White,United Kingdom,60,1.3333333333333333,7,1,1,2,7,7,7
d38e4,male,White,United Kingdom,29,2,7,2,1,3,7,7,7
282cb,female,White,United Kingdom,64,1,6.333333333333333,1,1,1,6,7,6
4a04f,female,White,United States,54,1.6666666666666667,7,2,1,2,7,7,7
820f5,male,Asian,United Kingdom,21,1,7,1,1,1,7,7,7
83b0f,male,Mixed,United Kingdom,43,1,7,1,1,1,7,7,7
4e11a,male,White,United Kingdom,26,2,6,2,1,3,6,6,6
76d4b,female,White,United Kingdom,35,1,7,1,1,1,7,7,7
25ab7,female,White,United Kingdom,52,1,4.666666666666667,1,1,1,4,5,5
ee396,male,Black,United Kingdom,40,1.3333333333333333,7,2,1,1,7,7,7
cd8a0,female,White,United Kingdom,68,1,6,1,1,1,6,7,5
db6aa,female,Mixed,United States,60,1,6.666666666666667,1,1,1,6,7,7
ae82b,female,White,United Kingdom,68,2.3333333333333335,7,1,2,4,7,7,7
b7890,male,White,United States,68,2.3333333333333335,7,2,2,3,7,7,7
949ad,female,White,United States,67,1.3333333333333333,6.666666666666667,1,1,2,7,7,6
dcddb,male,White,United States,23,1,7,1,1,1,7,7,7
52acc,male,White,United Kingdom,21,2.6666666666666665,6,3,1,4,6,7,5
f2512,male,Mixed,United Kingdom,28,1,7,1,1,1,7,7,7
b7fde,male,White,United Kingdom,45,2,5.666666666666667,1,1,4,6,6,5
79e33,female,White,United Kingdom,31,1,7,1,1,1,7,7,7
636ad,male,White,United Kingdom,53,4,4.666666666666667,3,4,5,5,6,3
b9b5e,female,White,United Kingdom,45,4,7,4,4,4,7,7,7
fa13c,male,White,United Kingdom,59,1,7,1,1,1,7,7,7
0bb78,female,White,United States,36,1,7,1,1,1,7,7,7
8964f,female,White,United Kingdom,41,2.3333333333333335,7,2,2,3,7,7,7
e8616,female,White,United States,35,1,7,1,1,1,7,7,7
b093a,female,Black,United States,27,1,7,1,1,1,7,7,7
f1490,female,Asian,United States,35,1.3333333333333333,7,1,1,2,7,7,7
3d133,female,Mixed,United States,38,2,7,1,1,4,7,7,7
6dbc7,female,White,United States,26,1.3333333333333333,6.666666666666667,2,1,1,6,7,7
d7e76,male,White,United Kingdom,53,1,7,1,1,1,7,7,7
a0dad,male,Asian,United States,25,1,7,1,1,1,7,7,7
53c80,male,White,United Kingdom,44,1,7,1,1,1,7,7,7
24525,female,White,United Kingdom,58,2.6666666666666665,6,2,2,4,6,6,6
8fe6b,female,White,United Kingdom,31,1,5.666666666666667,1,1,1,6,6,5
e3f48,male,White,United Kingdom,45,2,4.666666666666667,1,1,4,5,5,4
2c854,female,White,United Kingdom,37,3.6666666666666665,7,4,3,4,7,7,7
0dedf,female,Black,United States,33,1.3333333333333333,7,1,1,2,7,7,7
972ca,male,White,United Kingdom,60,1,7,1,1,1,7,7,7
2b40b,female,Asian,United Kingdom,39,1,7,1,1,1,7,7,7
d1317,male,White,United Kingdom,47,3.6666666666666665,3.6666666666666665,4,3,4,4,3,4
8091a,female,White,United Kingdom,59,1,7,1,1,1,7,7,7
07543,female,White,United States,64,3,7,3,2,4,7,7,7
22ae4,male,Asian,United Kingdom,22,1,7,1,1,1,7,7,7
5577b,male,White,United Kingdom,25,1,7,1,1,1,7,7,7
b5293,male,White,United States,53,2,6,2,2,2,6,6,6
63010,female,Mixed,United Kingdom,30,1,7,1,1,1,7,7,7
0c155,female,Black,United Kingdom,52,1.6666666666666667,6,2,1,2,6,7,5
4de9f,female,White,United Kingdom,28,4,5,4,4,4,5,5,5
764a5,male,White,United Kingdom,23,2.6666666666666665,5.666666666666667,2,2,4,6,6,5
80d18,female,White,United Kingdom,43,2.3333333333333335,5.333333333333333,2,2,3,5,5,6
cc338,female,White,United Kingdom,41,1,6.666666666666667,1,1,1,7,7,6
ca471,male,White,United Kingdom,27,2,7,1,1,4,7,7,7
65dc7,female,White,United Kingdom,28,1,7,1,1,1,7,7,7
78675,female,White,United Kingdom,37,2.3333333333333335,6,2,1,4,6,7,5
2cf2d,female,White,United Kingdom,34,2.6666666666666665,7,3,1,4,7,7,7
57908,male,White,United Kingdom,46,2,2.6666666666666665,2,2,2,3,4,1
ba36c,male,White,United Kingdom,35,2,6.666666666666667,1,1,4,7,7,6
ca2b3,female,White,United Kingdom,37,1,7,1,1,1,7,7,7
b7065,female,White,United Kingdom,33,1,7,1,1,1,7,7,7
12af1,female,White,United Kingdom,34,1,7,1,1,1,7,7,7
cde33,male,White,United Kingdom,38,1.3333333333333333,6.666666666666667,1,1,2,7,7,6
042ad,male,White,United States,51,3.3333333333333335,7,3,3,4,7,7,7
06f35,female,White,United Kingdom,54,4.666666666666667,5.666666666666667,5,4,5,7,7,3
88196,female,White,United States,51,3.3333333333333335,6,4,2,4,6,6,6
89a0d,male,White,United Kingdom,22,1,7,1,1,1,7,7,7
c72d1,female,Black,United Kingdom,29,1,7,1,1,1,7,7,7
fcfb0,male,Mixed,United Kingdom,37,2.6666666666666665,6.666666666666667,2,2,4,7,7,6
c54fd,male,White,United Kingdom,53,3.3333333333333335,6,4,2,4,6,6,6
91269,male,Black,United Kingdom,41,1.3333333333333333,7,1,1,2,7,7,7
d5b8c,male,White,United Kingdom,51,2.6666666666666665,6,2,2,4,6,6,6
0baa9,female,White,United Kingdom,36,1.3333333333333333,6.666666666666667,1,1,2,7,6,7
23620,female,White,United Kingdom,49,3,7,4,1,4,7,7,7
c023a,female,White,United Kingdom,56,2,6.333333333333333,1,1,4,7,6,6
3ca9e,female,White,United Kingdom,45,1.3333333333333333,6.666666666666667,1,1,2,7,7,6
50bd9,male,White,United Kingdom,22,3.3333333333333335,6.333333333333333,4,2,4,6,7,6
3333a,female,White,United States,29,1,7,1,1,1,7,7,7
a4ee7,female,White,United Kingdom,54,3,7,3,2,4,7,7,7
84b3b,male,Black,United States,28,3.6666666666666665,6.333333333333333,4,3,4,7,7,5
8d6eb,female,White,United States,61,1,7,1,1,1,7,7,7
3f98a,female,White,United Kingdom,35,1,7,1,1,1,7,7,7
d84e0,female,White,United Kingdom,40,1,7,1,1,1,7,7,7
25a58,female,Mixed,United States,36,3,5.333333333333333,4,1,4,4,6,6
39c80,male,White,United Kingdom,27,3.6666666666666665,7,4,3,4,7,7,7
05ab1,male,White,United Kingdom,41,1,7,1,1,1,7,7,7
c03d6,female,Mixed,United Kingdom,63,2,7,2,2,2,7,7,7
e689f,female,Black,United States,29,3,5.333333333333333,4,1,4,5,6,5
4b034,female,White,United Kingdom,58,2,7,2,2,2,7,7,7
1c49e,female,White,United Kingdom,24,1.3333333333333333,6.333333333333333,1,1,2,6,7,6
1dff6,female,Asian,United Kingdom,38,1,7,1,1,1,7,7,7
869b9,female,White,United Kingdom,21,1,4.333333333333333,1,1,1,4,5,4
c43e9,male,White,United Kingdom,46,1.3333333333333333,6.333333333333333,1,1,2,6,7,6
4b34f,male,Mixed,United States,31,1.3333333333333333,6.333333333333333,2,1,1,7,6,6
68f40,female,White,United Kingdom,38,2,7,2,2,2,7,7,7
cba57,female,White,United Kingdom,62,2.3333333333333335,6.333333333333333,2,1,4,7,6,6
16ca0,female,White,United Kingdom,70,1,7,1,1,1,7,7,7
495db,female,White,United Kingdom,50,1.3333333333333333,7,1,1,2,7,7,7
5405b,male,Mixed,United Kingdom,25,1,7,1,1,1,7,7,7
107e7,male,White,United Kingdom,61,1,7,1,1,1,7,7,7
2c248,male,White,United Kingdom,60,1.3333333333333333,5,1,2,1,5,5,5
4f9d9,female,White,United States,48,1,6.666666666666667,1,1,1,6,7,7
448dd,female,White,United Kingdom,42,1,7,1,1,1,7,7,7
8e073,female,White,United Kingdom,35,1.6666666666666667,6,2,1,2,6,6,6
db430,female,White,United Kingdom,66,1,7,1,1,1,7,7,7
bd418,male,White,United Kingdom,54,1,6.666666666666667,1,1,1,7,7,6
d9f43,female,White,United Kingdom,54,1,7,1,1,1,7,7,7
ab8cd,male,White,United Kingdom,63,1,6.333333333333333,1,1,1,6,7,6
e1629,male,White,United Kingdom,40,3,7,1,1,7,7,7,7
8cda1,female,White,United Kingdom,51,1.3333333333333333,7,1,1,2,7,7,7
31043,male,White,United Kingdom,44,1,6.666666666666667,1,1,1,7,6,7
71069,male,Asian,United Kingdom,51,2.3333333333333335,6,2,1,4,6,7,5
35a11,male,White,United States,38,1,6,1,1,1,6,6,6
fbc19,female,Black,United States,33,1,7,1,1,1,7,7,7
37d0e,male,White,United Kingdom,32,3,7,4,1,4,7,7,7
53721,female,White,United Kingdom,57,1.3333333333333333,7,1,1,2,7,7,7
2545c,male,Black,United Kingdom,21,3,6.333333333333333,4,1,4,6,7,6
a512f,female,White,United Kingdom,40,1,7,1,1,1,7,7,7
a203e,male,White,United Kingdom,53,2,4.666666666666667,1,1,4,5,5,4
263ed,male,White,United Kingdom,45,3.3333333333333335,6.666666666666667,4,2,4,6,7,7
19a72,male,White,United Kingdom,61,1.6666666666666667,6.666666666666667,2,1,2,6,7,7
8d343,male,Black,United Kingdom,54,2,7,1,1,4,7,7,7
62780,female,White,United Kingdom,38,4,7,4,4,4,7,7,7
ec50b,female,White,United Kingdom,43,2.3333333333333335,7,2,2,3,7,7,7
89280,female,White,United Kingdom,25,1,6.333333333333333,1,1,1,6,6,7
cd823,female,White,United Kingdom,25,1.6666666666666667,6.666666666666667,1,1,3,7,7,6
4987a,female,White,United Kingdom,22,1,7,1,1,1,7,7,7
f9ba2,female,Black,United States,25,2.6666666666666665,5.333333333333333,2,3,3,5,5,6
adc47,female,White,United Kingdom,41,1,7,1,1,1,7,7,7
ac590,female,White,United Kingdom,53,1,5.666666666666667,1,1,1,5,7,5
715af,female,White,United Kingdom,64,3.3333333333333335,5,4,2,4,5,5,5
cccd7,female,Black,United States,45,2,7,1,1,4,7,7,7
e62fa,male,White,United States,47,1,5,1,1,1,5,5,5
5e161,female,White,United States,39,2.3333333333333335,6.666666666666667,2,1,4,6,7,7
c4765,female,White,United Kingdom,37,1,7,1,1,1,7,7,7
d215c,male,White,United Kingdom,34,1,7,1,1,1,7,7,7
e72f8,male,White,United Kingdom,45,2,7,1,1,4,7,7,7
f9981,male,Mixed,United Kingdom,32,1,7,1,1,1,7,7,7
95e2e,female,White,United States,30,1,7,1,1,1,7,7,7
8c999,male,White,United Kingdom,29,1,7,1,1,1,7,7,7
b5bd9,male,White,United Kingdom,42,1,5.333333333333333,1,1,1,5,6,5
6300a,female,Other,United Kingdom,36,1,7,1,1,1,7,7,7
bf7fc,male,White,United Kingdom,59,3,6.333333333333333,2,1,6,7,7,5
40dc6,female,White,United Kingdom,61,2.6666666666666665,5.333333333333333,3,2,3,5,5,6
d4cf2,female,White,United Kingdom,35,3,4.666666666666667,4,2,3,4,6,4
4b619,male,White,United Kingdom,43,1,6,1,1,1,6,6,6
28266,male,White,United Kingdom,31,4,7,4,1,7,7,7,7
39502,female,White,United Kingdom,19,2,6,1,1,4,6,7,5
883d4,female,White,United Kingdom,52,2.6666666666666665,6.333333333333333,2,2,4,6,7,6
c6843,male,Other,United Kingdom,51,1.3333333333333333,7,1,1,2,7,7,7
15137,male,White,United Kingdom,60,1.3333333333333333,4.666666666666667,1,1,2,4,5,5
026c2,female,White,United Kingdom,32,1,7,1,1,1,7,7,7
bf0bd,male,White,United Kingdom,43,2.6666666666666665,7,4,1,3,7,7,7
61de6,female,White,United States,20,2,7,1,1,4,7,7,7
2721b,female,Black,United Kingdom,53,1,7,1,1,1,7,7,7
57ec2,male,Asian,United Kingdom,19,4,7,4,4,4,7,7,7
d4bff,female,White,United Kingdom,48,1,7,1,1,1,7,7,7
fe827,male,White,United Kingdom,65,1.6666666666666667,7,2,1,2,7,7,7
31f66,female,White,United Kingdom,53,1.3333333333333333,7,1,1,2,7,7,7
17e17,male,Black,United Kingdom,33,1,7,1,1,1,7,7,7
1ab6f,female,White,United Kingdom,20,3,7,3,3,3,7,7,7
b705e,female,Mixed,United Kingdom,52,2,5.333333333333333,2,2,2,5,5,6
1ea94,male,Black,United States,30,1,7,1,1,1,7,7,7
9b5fb,male,Black,United Kingdom,32,1.6666666666666667,6.333333333333333,2,1,2,7,6,6
d59a4,female,White,United Kingdom,34,1,7,1,1,1,7,7,7
caf20,male,White,United Kingdom,51,2,6.333333333333333,2,1,3,6,7,6
b6cab,female,White,United States,32,1,7,1,1,1,7,7,7
15b19,male,Black,United Kingdom,30,1,7,1,1,1,7,7,7
9f885,female,Black,United Kingdom,51,2,5,1,1,4,5,6,4
2849a,male,Black,United States,28,1,6.666666666666667,1,1,1,6,7,7
0eda7,male,White,United Kingdom,52,3,7,3,2,4,7,7,7
d65d2,female,White,United States,34,1,6.666666666666667,1,1,1,6,7,7
5570a,female,White,United Kingdom,51,2,7,1,1,4,7,7,7
49390,male,Black,United Kingdom,41,1.3333333333333333,5.666666666666667,2,1,1,6,6,5
1c8b9,female,Black,United States,60,1,7,1,1,1,7,7,7
384d7,male,White,United Kingdom,71,2.6666666666666665,6,2,2,4,6,7,5
d1b8d,female,Other,United Kingdom,38,1,6,1,1,1,6,6,6
bd168,female,Asian,United Kingdom,30,1,6.666666666666667,1,1,1,6,7,7
